{
  "recency_lambda": 0.20462913039099148,
  "form_weight": 0.5052857785149788,
  "k_factor": 8.0,
  "margin_scale": 19.030666969930408,
  "hfa": 3.639030772307273,
  "fcs_margin_cap": 22.736304752909266,
  "prior_fade_start": 1,
  "prior_fade_end": 12,
  "win_prob_scale": 12.852794776115358,
  "power_weights": {
    "quality": 0.5735511756075669,
    "game_value": 0.2753822663228412,
    "market": 0.023413179322901448,
    "talent_prior": 0.12765337874669064
  },
  "quality_weights": {
    "epa_diff": 0.31459831623711587,
    "success_diff": 0.3510404461838936,
    "explosiveness_diff": 0.010090606672968107,
    "passing_diff": 0.26604643732634176,
    "havoc_diff": 0.05822419357968074
  },
  "prior_weights": {
    "previous_season": 0.08003926856895166,
    "talent": 0.09185451598984577,
    "returning": 0.22694014980729033,
    "consensus": 0.6011660656339123
  },
  "tuning_method": "game_epa"
}