{
  "margin_scale": 19.030666969930408,
  "hfa": 3.639030772307273,
  "win_prob_scale": 12.852794776115358
}