{
  "margin_scale": 19.030666969930408,
  "matchup_margin_scale": 11.0,
  "matchup_rank_pt": 0.14,
  "hfa": 3.639030772307273,
  "hfa_team_max_delta": 1.75,
  "win_prob_scale": 12.852794776115358,
  "team_hfa": {
    "Air Force": 1.8890307723072728,
    "Akron": 1.8890307723072728,
    "Alabama": 5.389030772307272,
    "App State": 3.545967071425924,
    "Arizona": 3.521778566415139,
    "Arizona State": 3.0625349167544886,
    "Arkansas": 1.8890307723072728,
    "Arkansas State": 2.5814809856655527,
    "Army": 1.9244408716688888,
    "Auburn": 3.2515665981138957,
    "BYU": 3.696897827262491,
    "Ball State": 3.4888012207611174,
    "Baylor": 3.5215443847613677,
    "Boise State": 5.182793696836686,
    "Boston College": 1.8890307723072728,
    "Bowling Green": 1.8890307723072728,
    "Buffalo": 2.2246608310705076,
    "California": 4.6157169084793725,
    "Central Michigan": 2.9436005721995078,
    "Charlotte": 1.8890307723072728,
    "Cincinnati": 5.389030772307272,
    "Clemson": 1.8890307723072728,
    "Coastal Carolina": 3.4472661844512684,
    "Colorado": 5.389030772307272,
    "Colorado State": 3.749181977978611,
    "Delaware": 3.639030772307273,
    "Duke": 4.109335670478037,
    "East Carolina": 1.8890307723072728,
    "Eastern Michigan": 1.8890307723072728,
    "Florida": 4.759855817538603,
    "Florida Atlantic": 1.8890307723072728,
    "Florida International": 1.9118147208966156,
    "Florida State": 5.389030772307272,
    "Fresno State": 2.4064028939475524,
    "Georgia": 3.4937537321142638,
    "Georgia Southern": 4.348292298729779,
    "Georgia State": 1.8890307723072728,
    "Georgia Tech": 1.8890307723072728,
    "Hawai'i": 4.313335792345898,
    "Houston": 2.744799114303161,
    "Illinois": 3.6369860386035833,
    "Indiana": 3.626951422598464,
    "Iowa": 4.17759012835232,
    "Iowa State": 5.389030772307272,
    "Jacksonville State": 2.3047300122058303,
    "James Madison": 5.158390406634297,
    "Kansas": 4.024990076656909,
    "Kansas State": 4.535744623293182,
    "Kennesaw State": 4.609320303212976,
    "Kent State": 3.2525987812102257,
    "Kentucky": 5.389030772307272,
    "LSU": 4.842955745313178,
    "Liberty": 4.058348448559456,
    "Louisiana": 3.438004778721237,
    "Louisiana Tech": 4.583793960559859,
    "Louisville": 5.389030772307272,
    "Marshall": 2.9640007612537524,
    "Maryland": 2.9802725553753957,
    "Massachusetts": 1.8890307723072728,
    "Memphis": 2.5804873606569414,
    "Miami": 4.19527443681306,
    "Miami (OH)": 3.1759977461814675,
    "Michigan": 3.942916954430513,
    "Michigan State": 3.04854893127791,
    "Middle Tennessee": 1.8890307723072728,
    "Minnesota": 2.648120806934893,
    "Mississippi State": 3.828545901329278,
    "Missouri": 3.741454954792135,
    "Missouri State": 3.639030772307273,
    "NC State": 3.8211884799649534,
    "Navy": 1.8890307723072728,
    "Nebraska": 5.389030772307272,
    "Nevada": 2.992828561909137,
    "New Mexico": 2.2938968749953896,
    "New Mexico State": 1.8890307723072728,
    "North Carolina": 3.7384056652938535,
    "North Dakota State": 3.639030772307273,
    "North Texas": 3.658487837907202,
    "Northern Illinois": 1.8890307723072728,
    "Northwestern": 3.6809522721286863,
    "Notre Dame": 1.8890307723072728,
    "Ohio": 2.585463461307005,
    "Ohio State": 5.389030772307272,
    "Oklahoma": 5.389030772307272,
    "Oklahoma State": 4.466978931226524,
    "Old Dominion": 2.000774972536932,
    "Ole Miss": 4.171820846036008,
    "Oregon": 4.58024117545355,
    "Oregon State": 4.247927024613633,
    "Penn State": 4.174421228197655,
    "Pittsburgh": 4.127611919011272,
    "Purdue": 3.080663721099618,
    "Rice": 3.43628597345476,
    "Rutgers": 3.6802097473296955,
    "SMU": 5.389030772307272,
    "Sacramento State": 3.639030772307273,
    "Sam Houston": 1.8890307723072728,
    "San Diego State": 2.141936022717852,
    "San Jos\u00e9 State": 3.917407783547561,
    "South Alabama": 2.2218095508870976,
    "South Carolina": 2.8395978807514384,
    "South Florida": 2.3780415196462394,
    "Southern Miss": 1.8890307723072728,
    "Stanford": 3.7032773512235106,
    "Syracuse": 4.590051724451558,
    "TCU": 4.180302508830467,
    "Temple": 2.585747589651064,
    "Tennessee": 5.372516673900055,
    "Texas": 5.389030772307272,
    "Texas A&M": 5.389030772307272,
    "Texas State": 3.6128232570047834,
    "Texas Tech": 3.9733340956434136,
    "Toledo": 4.607564362148295,
    "Troy": 1.8890307723072728,
    "Tulane": 4.996518716421923,
    "Tulsa": 1.8890307723072728,
    "UAB": 3.294963482943599,
    "UCF": 5.389030772307272,
    "UCLA": 1.8890307723072728,
    "UConn": 4.459948982852385,
    "UL Monroe": 4.42875714205645,
    "UNLV": 3.560430859329862,
    "USC": 5.389030772307272,
    "UTEP": 2.0808368680198783,
    "UTSA": 4.638484447644029,
    "Utah": 4.569711651017969,
    "Utah State": 3.584589366367536,
    "Vanderbilt": 2.535900208345936,
    "Virginia": 2.8229804404528123,
    "Virginia Tech": 3.939381337424156,
    "Wake Forest": 2.656202777851973,
    "Washington": 4.027430129975601,
    "Washington State": 4.02305522221039,
    "West Virginia": 3.2072190547392623,
    "Western Kentucky": 2.443597936802726,
    "Western Michigan": 1.8890307723072728,
    "Wisconsin": 2.9358329587035707,
    "Wyoming": 2.9068398942209073
  }
}